"","users","evcent","in.degree","out.degree","total.degree","betweenness","transitivity","coreness","turnover","p","n","s","n.pull","n.issue","n.issue.c","n.pull.c","n.commit","n.interactions"
"1",202799,0.0443033815496342,2,2,2,0,1,2,TRUE,0,0,0,2,0,0,2,8,12
"2",31223,0.240554926523912,102,102,102,13629.25,0.0326150262085032,8,TRUE,0,0,0,328,0,0,645,776,1749
"3",511063,0.0418496741445557,1,1,1,0,NaN,1,FALSE,0,0,0,1,0,0,0,0,1
"4",382136,0.0436775660512269,2,2,2,0,1,2,TRUE,0,0,0,4,0,0,5,7,16
"5",25,0.0418496741445557,1,1,1,0,NaN,1,FALSE,0,0,0,2,0,0,0,2,4
"6",230541,1,484,484,484,134587.833333333,0.00468832879900074,14,FALSE,0,0,0,237,0,0,1591,2998,4826
"7",804355,0.0418496741445557,1,1,1,0,NaN,1,FALSE,0,0,0,1,0,0,0,0,1
"8",275114,0.0437798732052425,2,2,2,0,1,2,FALSE,0,0,0,1,0,0,1,0,2
"9",824534,0.0461222004744783,4,4,4,239.166666666667,0.5,2,TRUE,0,0,0,2,0,0,7,2,11
"10",156229,0.0718398482620295,9,9,9,2,0.833333333333333,8,TRUE,0,0,0,2,0,0,13,0,15
"11",147919,0.0418496741445557,1,1,1,0,NaN,1,TRUE,0,0,0,4,0,0,3,1,8
"12",135340,0.0418496741445557,1,1,1,0,NaN,1,FALSE,0,0,0,1,0,0,0,0,1
"13",265902,0.0605591555081745,7,7,7,258.75,0.428571428571429,4,TRUE,0,0,0,12,0,0,14,11,37
"14",215318,0.0418496741445557,1,1,1,0,NaN,1,FALSE,0,0,0,1,0,0,0,1,2
"15",12141,0.0418496741445557,1,1,1,0,NaN,1,FALSE,0,0,0,1,0,0,0,1,2
"16",95340,0.0418496741445557,1,1,1,0,NaN,1,FALSE,0,0,0,1,0,0,0,1,2
"17",17954,0.0418496741445557,1,1,1,0,NaN,1,FALSE,0,0,0,1,0,0,0,0,1
"18",188562,0.0418496741445557,1,1,1,0,NaN,1,FALSE,0,0,0,1,0,0,0,1,2
"19",37118,0.0623549581535415,6,6,6,0,1,6,TRUE,0,0,0,1,0,0,4,0,5
"20",181752,0.0418496741445557,1,1,1,0,NaN,1,FALSE,0,0,0,1,0,0,1,0,2
"21",98601,0.0572067866373312,4,4,4,12.6666666666667,0.666666666666667,4,TRUE,0,0,0,5,0,0,15,4,24
"22",105151,9.34861434287988e-18,0,0,0,0,NaN,0,TRUE,0,0,0,1,0,0,0,5,6
"23",1714,0.0418496741445557,1,1,1,0,NaN,1,FALSE,0,0,0,1,0,0,0,2,3
"24",96189,0.0418496741445557,1,1,1,0,NaN,1,FALSE,0,0,0,1,0,0,1,0,2
"25",87764,0.0418496741445557,1,1,1,0,NaN,1,FALSE,0,0,0,1,0,0,2,0,3
"26",400538,0.0418496741445557,1,1,1,0,NaN,1,TRUE,0,0,0,1,0,0,3,11,15
"27",579233,0.0541173584623697,5,5,5,830.000000000001,0.3,2,TRUE,0,0,0,9,0,0,17,11,37
"28",524923,9.34861434287988e-18,0,0,0,0,NaN,0,FALSE,0,0,0,1,0,0,1,0,2
"29",638,0.0418496741445557,1,1,1,0,NaN,1,TRUE,0,0,0,2,0,0,1,5,8
"30",2459,0.0418496741445557,1,1,1,0,NaN,1,TRUE,0,0,0,3,0,0,1,2,6
"31",76580,0.0418496741445557,1,1,1,0,NaN,1,FALSE,0,0,0,1,0,0,0,0,1
"32",1086134,0.0418496741445557,1,1,1,0,NaN,1,FALSE,0,0,0,1,0,0,0,0,1
"33",1118098,9.34861434287988e-18,0,0,0,0,NaN,0,FALSE,0,0,0,1,0,0,0,0,1
"34",44704,0.0418496741445557,1,1,1,0,NaN,1,FALSE,0,0,0,1,0,0,1,0,2
"35",402462,0.053856863968338,4,4,4,541.166666666667,0.333333333333333,2,TRUE,0,0,0,9,0,0,13,3,25
"36",110784,0.0418496741445557,1,1,1,0,NaN,1,FALSE,0,0,0,1,0,0,0,0,1
"37",125164,9.34861434287988e-18,0,0,0,0,NaN,0,FALSE,0,0,0,1,0,0,0,1,2
"38",1321644,0.0456724264753226,3,3,3,0,1,3,TRUE,0,0,0,1,0,0,6,0,7
"39",1247916,0.0418496741445557,1,1,1,0,NaN,1,FALSE,0,0,0,1,0,0,0,0,1
"40",55631,0.0418496741445557,1,1,1,0,NaN,1,FALSE,0,0,0,1,0,0,0,1,2
"41",46909,0.0418496741445557,1,1,1,0,NaN,1,FALSE,0,0,0,1,0,0,1,2,4
"42",69988,0.0418496741445557,1,1,1,0,NaN,1,FALSE,0,0,0,1,0,0,2,0,3
"43",472446,0.0418496741445557,1,1,1,0,NaN,1,FALSE,0,0,0,1,0,0,2,0,3
"44",16861,0.0436775660512269,2,2,2,0,1,2,FALSE,0,0,0,1,0,0,0,0,1
"45",289174,0.0418496741445557,1,1,1,0,NaN,1,TRUE,0,0,0,1,0,0,3,6,10
"46",44155,0.0544537989392452,6,6,6,0,1,6,FALSE,0,0,0,1,0,0,0,0,1
"47",790763,0.0418496741445557,1,1,1,0,NaN,1,TRUE,0,0,0,1,0,0,7,0,8
"48",772,0.0418496741445557,1,1,1,0,NaN,1,FALSE,0,0,0,1,0,0,1,0,2
"49",79334,0.0418496741445557,1,1,1,0,NaN,1,FALSE,0,0,0,1,0,0,0,0,1
"50",479659,0.0418496741445557,1,1,1,0,NaN,1,FALSE,0,0,0,1,0,0,1,0,2
"51",92839,0.0418496741445557,1,1,1,0,NaN,1,FALSE,0,0,0,2,0,0,1,1,4
"52",516006,0.0418496741445557,1,1,1,0,NaN,1,FALSE,0,0,0,1,0,0,1,0,2
"53",7188,0.054184419743423,3,3,3,0,1,3,FALSE,0,0,0,1,0,0,1,1,3
"54",207988,0.0502637624665784,5,5,5,0,1,5,FALSE,0,0,0,1,0,0,3,0,4
"55",482364,0.0443033815496342,2,2,2,0,1,2,TRUE,0,0,0,1,0,0,8,0,9
"56",205036,9.34861434287988e-18,0,0,0,0,NaN,0,FALSE,0,0,0,1,0,0,0,0,1
"57",285675,0.0418496741445557,1,1,1,0,NaN,1,FALSE,0,0,0,3,0,0,2,0,5
"58",31372,0.0418496741445557,1,1,1,0,NaN,1,FALSE,0,0,0,1,0,0,2,0,3
"59",12149,0.0418496741445557,1,1,1,0,NaN,1,FALSE,0,0,0,1,0,0,0,3,4
"60",1175380,0.0607237878045762,6,6,6,28.3333333333333,0.6,4,TRUE,0,0,0,3,0,0,7,50,60
"61",696983,0.0418496741445557,1,1,1,0,NaN,1,FALSE,0,0,0,1,0,0,1,2,4
"62",207131,0.0418496741445557,1,1,1,0,NaN,1,FALSE,0,0,0,1,0,0,1,2,4
"63",388917,0.0418496741445557,1,1,1,0,NaN,1,FALSE,0,0,0,1,0,0,2,0,3
"64",106338,0.00225389220752262,1,1,1,0,NaN,1,FALSE,0,0,0,1,0,0,2,0,3
"65",471903,0.0418496741445557,1,1,1,0,NaN,1,TRUE,0,0,0,1,0,0,2,7,10
"66",687961,9.34861434287988e-18,0,0,0,0,NaN,0,FALSE,0,0,0,1,0,0,0,1,2
"67",1423804,0.0418496741445557,1,1,1,0,NaN,1,FALSE,0,0,0,1,0,0,1,0,2
"68",52850,0.0418496741445557,1,1,1,0,NaN,1,FALSE,0,0,0,1,0,0,1,0,2
"69",1545348,0.0418496741445557,1,1,1,0,NaN,1,FALSE,0,0,0,1,0,0,0,0,1
"70",136390,0.0579834323815227,5,5,5,36.5,0.7,4,FALSE,0,0,0,1,0,0,2,1,4
"71",113896,0.0607814952138769,8,8,8,1082.83333333333,0.321428571428571,4,TRUE,0,0,0,3,0,0,13,0,16
"72",77501,0.0418496741445557,1,1,1,0,NaN,1,TRUE,0,0,0,2,0,0,3,1,6
"73",14028,0.0436775660512269,2,2,2,0,1,2,FALSE,0,0,0,1,0,0,1,0,2
"74",125636,0.0418496741445557,1,1,1,0,NaN,1,FALSE,0,0,0,1,0,0,0,1,2
"75",910956,0.0418496741445557,1,1,1,0,NaN,1,FALSE,0,0,0,1,0,0,0,0,1
"76",29746,0.00265478777189646,2,2,2,0,1,2,FALSE,0,0,0,1,0,0,2,0,3
"77",165906,0.0418496741445557,1,1,1,0,NaN,1,FALSE,0,0,0,1,0,0,0,0,1
"78",57576,0.0566591536702626,4,4,4,0,1,4,TRUE,0,0,0,2,0,0,14,4,20
"79",95913,0.0527766648729249,6,6,6,3,0.6,4,TRUE,0,0,0,1,0,0,7,0,8
"80",41373,0.0520257569306503,6,6,6,3,0.6,4,TRUE,0,0,0,2,0,0,8,0,10
"81",222217,0.0533410963180968,6,6,6,0,1,6,FALSE,0,0,0,1,0,0,1,0,2
"82",82063,0.054644594461493,3,3,3,0,1,3,FALSE,0,0,0,1,0,0,1,0,2
"83",850871,0.0436775660512269,2,2,2,0,1,2,TRUE,0,0,0,1,0,0,5,0,6
"84",177816,0.0436775660512269,2,2,2,0,1,2,FALSE,0,0,0,1,0,0,1,0,2
"85",695710,0.0418496741445557,1,1,1,0,NaN,1,FALSE,0,0,0,1,0,0,0,0,1
"86",1082488,0.065180317022824,8,8,8,42,0.464285714285714,4,TRUE,0,0,0,8,0,0,25,2,35
"87",488342,0.0418496741445557,1,1,1,0,NaN,1,FALSE,0,0,0,1,0,0,1,0,2
"88",30147,0.0418496741445557,1,1,1,0,NaN,1,FALSE,0,0,0,1,0,0,3,0,4
"89",181635,0.0481906855532914,4,4,4,1,0.666666666666667,3,TRUE,0,0,0,2,0,0,7,3,12
"90",2205472,0.0418496741445557,1,1,1,0,NaN,1,FALSE,0,0,0,1,0,0,0,0,1
"91",2390091,9.34861434287988e-18,0,0,0,0,NaN,0,FALSE,0,0,0,1,0,0,0,0,1
"92",42500,0.0418496741445557,1,1,1,0,NaN,1,TRUE,0,0,0,1,0,0,5,0,6
"93",586962,0.0418496741445557,1,1,1,0,NaN,1,FALSE,0,0,0,1,0,0,0,0,1
"94",10035,0.0418496741445557,1,1,1,0,NaN,1,TRUE,0,0,0,4,0,0,1,0,5
"95",2462963,0.0418496741445557,1,1,1,0,NaN,1,FALSE,0,0,0,1,0,0,1,0,2
"96",95886,0.0418496741445557,1,1,1,0,NaN,1,FALSE,0,0,0,1,0,0,0,0,1
"97",303761,0.0418496741445557,1,1,1,0,NaN,1,FALSE,0,0,0,1,0,0,1,0,2
"98",66007,0.0418496741445557,1,1,1,0,NaN,1,FALSE,0,0,0,1,0,0,0,0,1
"99",72655,0.0418496741445557,1,1,1,0,NaN,1,FALSE,0,0,0,1,0,0,0,0,1
"100",317202,0.0100671452888932,1,1,1,0,NaN,1,FALSE,0,0,0,1,0,0,1,0,2
"101",122558,0.0418496741445557,1,1,1,0,NaN,1,FALSE,0,0,0,1,0,0,1,0,2
"102",146886,0.0478582278689043,4,4,4,0,1,4,FALSE,0,0,0,1,0,0,1,0,2
"103",1182023,0.0418496741445557,1,1,1,0,NaN,1,FALSE,0,0,0,2,0,0,1,0,3
"104",902348,0.0418496741445557,1,1,1,0,NaN,1,FALSE,0,0,0,1,0,0,1,0,2
"105",378500,0.0115125324885689,4,4,4,0,1,4,FALSE,0,0,0,1,0,0,1,0,2
"106",221519,0.0418496741445557,1,1,1,0,NaN,1,FALSE,0,0,0,1,0,0,2,0,3
"107",885935,0.0418496741445557,1,1,1,0,NaN,1,FALSE,0,0,0,1,0,0,2,0,3
"108",9287,0.0418496741445557,1,1,1,0,NaN,1,FALSE,0,0,0,1,0,0,0,1,2
"109",1121581,0.0418496741445557,1,1,1,0,NaN,1,FALSE,0,0,0,1,0,0,0,0,1
"110",289331,0.0456724264753226,3,3,3,0,1,3,FALSE,0,0,0,1,0,0,2,0,3
"111",46173,0.0436775660512269,2,2,2,0,1,2,FALSE,0,0,0,1,0,0,0,0,1
"112",608502,0.0418496741445557,1,1,1,0,NaN,1,FALSE,0,0,0,1,0,0,1,0,2
"113",255672,0.0644200382588795,7,7,7,14.6666666666667,0.761904761904762,6,TRUE,0,0,0,2,0,0,3,2,7
"114",1120328,0.054184419743423,3,3,3,0,1,3,FALSE,0,0,0,2,0,0,2,0,4
"115",2431570,0.0460075307158311,3,3,3,0,1,3,FALSE,0,0,0,1,0,0,2,0,3
"116",32314,0.0418496741445557,1,1,1,0,NaN,1,FALSE,0,0,0,1,0,0,0,0,1
"117",5453,0.0456724264753226,3,3,3,0,1,3,FALSE,0,0,0,1,0,0,1,0,2
"118",1469593,0.0418496741445557,1,1,1,0,NaN,1,FALSE,0,0,0,1,0,0,1,0,2
"119",521186,0.0418496741445557,1,1,1,0,NaN,1,FALSE,0,0,0,1,0,0,3,0,4
"120",1428425,0.0418496741445557,1,1,1,0,NaN,1,FALSE,0,0,0,1,0,0,0,0,1
"121",4790,0.0418496741445557,1,1,1,0,NaN,1,FALSE,0,0,0,1,0,0,1,0,2
"122",189038,0.0719680819134011,11,11,11,0,1,11,TRUE,0,0,0,1,0,0,8,0,9
"123",1128607,0.0418496741445557,1,1,1,0,NaN,1,FALSE,0,0,0,1,0,0,0,0,1
"124",336266,9.34861434287988e-18,0,0,0,0,NaN,0,FALSE,0,0,0,1,0,0,0,0,1
"125",1201248,9.34861434287988e-18,0,0,0,0,NaN,0,FALSE,0,0,0,1,0,0,0,0,1
"126",75317,9.34861434287988e-18,0,0,0,0,NaN,0,FALSE,0,0,0,1,0,0,0,0,1
"127",1379069,0.0504496851103849,5,5,5,0,1,5,FALSE,0,0,0,1,0,0,1,0,2
"128",351828,0.0418496741445557,1,1,1,0,NaN,1,FALSE,0,0,0,1,0,0,0,1,2
"129",145272,0.0418496741445557,1,1,1,0,NaN,1,TRUE,0,0,0,1,0,0,2,3,6
"130",591833,9.34861434287988e-18,0,0,0,0,NaN,0,FALSE,0,0,0,1,0,0,0,1,2
"131",3012429,0.0115125324885689,4,4,4,0,1,4,TRUE,0,0,0,1,0,0,4,0,5
"132",1355481,0.0418496741445557,1,1,1,0,NaN,1,TRUE,0,0,0,1,0,0,9,3,13
"133",116627,0.0418496741445557,1,1,1,0,NaN,1,FALSE,0,0,0,1,0,0,0,0,1
"134",104587,0.0418496741445557,1,1,1,0,NaN,1,FALSE,0,0,0,1,0,0,1,1,3
"135",1139595,0.0418496741445557,1,1,1,0,NaN,1,TRUE,0,0,0,1,0,0,5,1,7
"136",167229,0.0418496741445557,1,1,1,0,NaN,1,FALSE,0,0,0,1,0,0,0,0,1
"137",69736,0.0519168194334489,2,2,2,0,1,2,FALSE,0,0,0,1,0,0,1,2,4
"138",580492,0.0418496741445557,1,1,1,0,NaN,1,FALSE,0,0,0,1,0,0,0,0,1
"139",1612169,0.0441035663520783,2,2,2,0,1,2,TRUE,0,0,0,1,0,0,8,8,17
"140",5316,0.0418496741445557,1,1,1,0,NaN,1,FALSE,0,0,0,2,0,0,2,0,4
"141",1581288,0.0100671452888932,1,1,1,0,NaN,1,FALSE,0,0,0,1,0,0,0,0,1
"142",855813,0.0418496741445557,1,1,1,0,NaN,1,FALSE,0,0,0,1,0,0,1,0,2
"143",1586931,0.0418496741445557,1,1,1,0,NaN,1,FALSE,0,0,0,1,0,0,0,0,1
"144",799023,0.051916819433449,2,2,2,0,1,2,FALSE,0,0,0,2,0,0,1,1,4
"145",27435,0.0488296399191819,4,4,4,0,1,4,TRUE,0,0,0,1,0,0,10,0,11
"146",813003,0.0456724264753226,3,3,3,0,1,3,FALSE,0,0,0,1,0,0,1,0,2
"147",329888,0.0418496741445557,1,1,1,0,NaN,1,FALSE,0,0,0,1,0,0,1,1,3
"148",1168053,0.0418496741445557,1,1,1,0,NaN,1,FALSE,0,0,0,2,0,0,1,0,3
"149",1294785,0.0418496741445557,1,1,1,0,NaN,1,TRUE,0,0,0,1,0,0,2,7,10
"150",46036,0.0520202948579133,5,5,5,0,1,5,TRUE,0,0,0,2,0,0,2,3,7
"151",368248,0.0418496741445557,1,1,1,0,NaN,1,FALSE,0,0,0,1,0,0,1,0,2
"152",4001219,0.0418496741445557,1,1,1,0,NaN,1,FALSE,0,0,0,1,0,0,0,1,2
"153",27721,0.051916819433449,2,2,2,0,1,2,TRUE,0,0,0,1,0,0,2,3,6
"154",166954,0.095305343262217,14,14,14,0,1,14,FALSE,0,0,0,1,0,0,0,0,1
"155",112414,0.0418496741445557,1,1,1,0,NaN,1,TRUE,0,0,0,1,0,0,4,0,5
"156",2786457,0.0418496741445557,1,1,1,0,NaN,1,FALSE,0,0,0,2,0,0,0,2,4
"157",499038,0.0418496741445557,1,1,1,0,NaN,1,FALSE,0,0,0,1,0,0,0,0,1
"158",767857,0.0533446543672232,6,6,6,10,0.6,4,FALSE,0,0,0,1,0,0,2,0,3
"159",112170,0.0418496741445557,1,1,1,0,NaN,1,TRUE,0,0,0,1,0,0,3,2,6
"160",192451,0.0418496741445557,1,1,1,0,NaN,1,TRUE,0,0,0,1,0,0,3,2,6
"161",41094,0.0418496741445557,1,1,1,0,NaN,1,FALSE,0,0,0,1,0,0,2,0,3
"162",4931463,0.0418496741445557,1,1,1,0,NaN,1,FALSE,0,0,0,1,0,0,0,0,1
"163",10137,0.0544537989392452,6,6,6,0,1,6,FALSE,0,0,0,4,0,0,3,0,7
"164",2783656,0.0418496741445557,1,1,1,0,NaN,1,FALSE,0,0,0,2,0,0,0,0,2
"165",444344,0.0418496741445557,1,1,1,0,NaN,1,TRUE,0,0,0,3,0,0,3,8,14
"166",1115514,0.0418496741445557,1,1,1,0,NaN,1,FALSE,0,0,0,1,0,0,0,0,1
"167",317680,9.34861434287988e-18,0,0,0,0,NaN,0,FALSE,0,0,0,1,0,0,0,0,1
"168",634113,0.0418496741445557,1,1,1,0,NaN,1,FALSE,0,0,0,1,0,0,0,0,1
"169",793969,0.0418496741445557,1,1,1,0,NaN,1,FALSE,0,0,0,2,0,0,2,0,4
"170",527426,0.0519168194334489,2,2,2,0,1,2,FALSE,0,0,0,1,0,0,2,0,3
"171",744493,0.0591889387388307,8,8,8,0,1,8,TRUE,0,0,0,1,0,0,5,0,6
"172",70969,0.0443840550690423,2,2,2,0,1,2,FALSE,0,0,0,1,0,0,1,0,2
"173",3259557,9.34861434287988e-18,0,0,0,0,NaN,0,FALSE,0,0,0,1,0,0,0,0,1
"174",82591,0.0719680819134011,11,11,11,0,1,11,FALSE,0,0,0,1,0,0,3,0,4
"175",2684299,0.0418496741445557,1,1,1,0,NaN,1,FALSE,0,0,0,1,0,0,0,0,1
"176",97450,0.0665784322369369,7,7,7,14.1666666666667,0.761904761904762,6,TRUE,0,0,0,1,0,0,5,0,6
"177",3264193,9.34861434287988e-18,0,0,0,0,NaN,0,FALSE,0,0,0,1,0,0,1,0,2
"178",81942,0.0519168194334489,2,2,2,0,1,2,FALSE,0,0,0,1,0,0,1,0,2
"179",727605,9.34861434287988e-18,0,0,0,0,NaN,0,FALSE,0,0,0,1,0,0,1,0,2
"180",4141669,0.0418496741445557,1,1,1,0,NaN,1,TRUE,0,0,0,1,0,0,1,6,8
"181",197338,0.0979797076770823,15,15,15,10,0.876190476190476,14,TRUE,0,0,0,2,0,0,4,0,6
"182",776678,0.0436775660512269,2,2,2,0,1,2,FALSE,0,0,0,1,0,0,0,0,1
"183",2340606,0.0418496741445557,1,1,1,0,NaN,1,FALSE,0,0,0,1,0,0,0,0,1
"184",791578,0.0418496741445557,1,1,1,0,NaN,1,FALSE,0,0,0,1,0,0,0,0,1
"185",598730,0.0418496741445557,1,1,1,0,NaN,1,TRUE,0,0,0,2,0,0,1,2,5
"186",536984,0.0418496741445557,1,1,1,0,NaN,1,TRUE,0,0,0,4,0,0,2,27,33
"187",3994789,0.0418496741445557,1,1,1,0,NaN,1,FALSE,0,0,0,1,0,0,0,0,1
"188",1527117,0.0418496741445557,1,1,1,0,NaN,1,FALSE,0,0,0,1,0,0,0,2,3
"189",617518,0.0642339053415422,7,7,7,14.1666666666667,0.761904761904762,6,TRUE,0,0,0,2,0,0,8,0,10
"190",25395,0.0418496741445557,1,1,1,0,NaN,1,TRUE,0,0,0,1,0,0,4,0,5
"191",23448,0.0418496741445557,1,1,1,0,NaN,1,FALSE,0,0,0,1,0,0,1,0,2
"192",6311042,9.34861434287988e-18,0,0,0,0,NaN,0,FALSE,0,0,0,1,0,0,0,0,1
"193",1949593,9.34861434287988e-18,0,0,0,0,NaN,0,FALSE,0,0,0,1,0,0,0,3,4
"194",1896803,9.34861434287988e-18,0,0,0,0,NaN,0,FALSE,0,0,0,1,0,0,0,1,2
"195",1016365,0.0418496741445557,1,1,1,0,NaN,1,FALSE,0,0,0,2,0,0,0,1,3
"196",802731,0.0519168194334489,2,2,2,0,1,2,TRUE,0,0,0,2,0,0,3,0,5
"197",685038,0.0418496741445557,1,1,1,0,NaN,1,FALSE,0,0,0,1,0,0,0,0,1
"198",1577682,9.26489443783389e-18,1,1,1,0,NaN,1,FALSE,0,0,0,1,0,0,0,0,1
"199",1476722,0.0418496741445557,1,1,1,0,NaN,1,FALSE,0,0,0,1,0,0,1,1,3
"200",3488572,9.34861434287988e-18,0,0,0,0,NaN,0,FALSE,0,0,0,1,0,0,0,0,1
"201",2847338,0.0418496741445557,1,1,1,0,NaN,1,FALSE,0,0,0,1,0,0,2,0,3
"202",502876,0.0418496741445557,1,1,1,0,NaN,1,FALSE,0,0,0,1,0,0,2,0,3
"203",301798,0.0436775660512269,2,2,2,0,1,2,FALSE,0,0,0,1,0,0,0,0,1
"204",193923,0.0418496741445557,1,1,1,0,NaN,1,FALSE,0,0,0,1,0,0,3,0,4
"205",629976,0.0444118663203939,2,2,2,0,1,2,FALSE,0,0,0,1,0,0,2,0,3
"206",3763828,0.0418496741445557,1,1,1,0,NaN,1,FALSE,0,0,0,1,0,0,0,1,2
"207",781659,0.0418496741445557,1,1,1,0,NaN,1,TRUE,0,0,0,1,0,0,6,0,7
"208",330441,0.0418496741445557,1,1,1,0,NaN,1,FALSE,0,0,0,1,0,0,0,1,2
"209",324298,9.34861434287988e-18,0,0,0,0,NaN,0,FALSE,0,0,0,1,0,0,0,1,2
"210",3318312,0.0418496741445557,1,1,1,0,NaN,1,FALSE,0,0,0,1,0,0,0,0,1
"211",4822,0.00191474193981957,1,1,1,0,NaN,1,FALSE,0,0,0,1,0,0,1,0,2
"212",291301,0.0445378421521315,2,2,2,0,1,2,FALSE,0,0,0,1,0,0,3,0,4
"213",7377262,0.0100671452888932,1,1,1,0,NaN,1,FALSE,0,0,0,1,0,0,0,0,1
"214",565754,9.34861434287988e-18,0,0,0,0,NaN,0,FALSE,0,0,0,1,0,0,1,0,2
"215",841453,9.34861434287988e-18,0,0,0,0,NaN,0,FALSE,0,0,0,1,0,0,0,0,1
"216",4674442,0.0418496741445557,1,1,1,0,NaN,1,TRUE,0,0,0,2,0,0,2,1,5
"217",5620782,9.34861434287988e-18,0,0,0,0,NaN,0,FALSE,0,0,0,1,0,0,0,0,1
"218",986892,9.34861434287988e-18,0,0,0,0,NaN,0,FALSE,0,0,0,1,0,0,0,1,2
"219",1334470,0.0455118831864452,3,3,3,0.5,0.666666666666667,2,TRUE,0,0,0,1,0,0,5,0,6
"220",1206678,0.0418496741445557,1,1,1,0,NaN,1,FALSE,0,0,0,1,0,0,1,0,2
"221",507615,9.34861434287988e-18,0,0,0,0,NaN,0,FALSE,0,0,0,1,0,0,0,1,2
"222",1170420,0.0418496741445557,1,1,1,0,NaN,1,FALSE,0,0,0,1,0,0,0,0,1
"223",498917,0.0418496741445557,1,1,1,0,NaN,1,FALSE,0,0,0,1,0,0,0,1,2
"224",1162160,0.0100671452888932,1,1,1,0,NaN,1,FALSE,0,0,0,1,0,0,1,0,2
"225",3507286,0.0418496741445557,1,1,1,0,NaN,1,FALSE,0,0,0,1,0,0,0,0,1
"226",552356,0.0100671452888932,1,1,1,0,NaN,1,FALSE,0,0,0,1,0,0,2,0,3
"227",3506269,0.0100671452888932,1,1,1,0,NaN,1,FALSE,0,0,0,1,0,0,0,0,1
"228",7427113,0.0418496741445557,1,1,1,0,NaN,1,FALSE,0,0,0,1,0,0,0,0,1
"229",667154,0.0418496741445557,1,1,1,0,NaN,1,FALSE,0,0,0,1,0,0,1,0,2
"230",3112389,0.0418496741445557,1,1,1,0,NaN,1,FALSE,0,0,0,1,0,0,0,0,1
"231",527082,0.0418496741445557,1,1,1,0,NaN,1,FALSE,0,0,0,1,0,0,2,0,3
"232",290457,0.0100671452888932,1,1,1,0,NaN,1,FALSE,0,0,0,1,0,0,0,0,1
"233",1847581,0.0418496741445557,1,1,1,0,NaN,1,FALSE,0,0,0,1,0,0,0,2,3
"234",6504944,0.0608114930993626,6,6,6,26.8333333333333,0.533333333333333,4,TRUE,0,0,0,2,0,0,6,0,8
"235",2973056,0.0519168194334489,2,2,2,0,1,2,FALSE,0,0,0,2,0,0,1,0,3
"236",1836407,0.0100671452888932,1,1,1,0,NaN,1,FALSE,0,0,0,1,0,0,0,0,1
"237",2206013,0.0418496741445557,1,1,1,0,NaN,1,FALSE,0,0,0,1,0,0,0,0,1
"238",1377702,0.051916819433449,2,2,2,0,1,2,TRUE,0,0,0,2,0,0,1,2,5
"239",57199,0.0436775660512269,2,2,2,0,1,2,TRUE,0,0,0,2,0,0,3,3,8
"240",6769316,0.0418496741445557,1,1,1,0,NaN,1,FALSE,0,0,0,1,0,0,0,0,1
"241",1336236,0.0100671452888932,1,1,1,0,NaN,1,FALSE,0,0,0,1,0,0,0,0,1
"242",5741321,0.0418496741445557,1,1,1,0,NaN,1,FALSE,0,0,0,1,0,0,0,0,1
"243",2286572,0.0261242679190755,16,16,16,0,1,16,TRUE,0,0,0,1,0,0,6,0,7
"244",3879182,0.0418496741445557,1,1,1,0,NaN,1,FALSE,0,0,0,1,0,0,3,0,4
"245",773683,0.0519168194334489,2,2,2,0,1,2,FALSE,0,0,0,1,0,0,1,1,3
"246",4449725,0.0100671452888932,1,1,1,0,NaN,1,FALSE,0,0,0,1,0,0,2,0,3
"247",5980501,0.0519168194334489,2,2,2,0,1,2,FALSE,0,0,0,1,0,0,0,0,1
"248",945979,0.0700067708245091,9,9,9,210,0.805555555555556,8,FALSE,0,0,0,1,0,0,1,0,2
"249",4595407,0.0418496741445557,1,1,1,0,NaN,1,FALSE,0,0,0,1,0,0,0,2,3
"250",9290840,0.0519168194334489,2,2,2,0,1,2,FALSE,0,0,0,1,0,0,1,0,2
"251",810663,0.0418496741445557,1,1,1,0,NaN,1,FALSE,0,0,0,1,0,0,0,2,3
"252",1191970,0.084523877882601,26,26,26,2398.50000000001,0.433846153846154,16,TRUE,0,0,0,2,0,0,5,1,8
"253",65913,0.0644320788490573,7,7,7,14.1666666666667,0.761904761904762,6,TRUE,0,0,0,2,0,0,2,1,5
"254",55290,0.0418496741445557,1,1,1,0,NaN,1,FALSE,0,0,0,1,0,0,0,1,2
"255",7807159,9.34861434287988e-18,0,0,0,0,NaN,0,FALSE,0,0,0,1,0,0,0,0,1
"256",95970,0.0456724264753226,3,3,3,0,1,3,FALSE,0,0,0,1,0,0,1,0,2
"257",6349067,0.0418496741445557,1,1,1,0,NaN,1,FALSE,0,0,0,1,0,0,0,0,1
"258",9605651,0.0418496741445557,1,1,1,0,NaN,1,FALSE,0,0,0,1,0,0,0,0,1
"259",33569,0.058816216648754,7,7,7,0,1,7,TRUE,0,0,0,2,0,0,8,5,15
"260",1189394,0.0418496741445557,1,1,1,0,NaN,1,FALSE,0,0,0,1,0,0,1,0,2
"261",1540597,0.0100671452888932,1,1,1,0,NaN,1,FALSE,0,0,0,1,0,0,1,0,2
"262",419884,0.0445461356488451,2,2,2,0,1,2,TRUE,0,0,0,2,0,0,1,2,5
"263",51661,0.0418496741445557,1,1,1,0,NaN,1,FALSE,0,0,0,1,0,0,1,0,2
"264",4420101,0.0457528518192454,4,4,4,529,0.5,3,FALSE,0,0,0,1,0,0,3,0,4
"265",8566723,0.0418496741445557,1,1,1,0,NaN,1,FALSE,0,0,0,1,0,0,0,1,2
"266",410211,0.0436775660512269,2,2,2,0,1,2,TRUE,0,0,0,1,0,0,4,1,6
"267",3757319,0.0456724264753226,3,3,3,0,1,3,FALSE,0,0,0,1,0,0,1,0,2
"268",4116045,0.0418496741445557,1,1,1,0,NaN,1,FALSE,0,0,0,1,0,0,1,0,2
"269",5226301,0.0418496741445557,1,1,1,0,NaN,1,FALSE,0,0,0,1,0,0,0,0,1
"270",8752572,0.0436775660512269,2,2,2,0,1,2,FALSE,0,0,0,1,0,0,1,2,4
"271",3955210,0.0473693633103501,3,3,3,0,1,3,FALSE,0,0,0,1,0,0,0,0,1
"272",291640,0.0418496741445557,1,1,1,0,NaN,1,FALSE,0,0,0,1,0,0,0,1,2
"273",1938967,0.0456724264753226,3,3,3,0,1,3,FALSE,0,0,0,1,0,0,2,0,3
"274",1087646,0.0418496741445557,1,1,1,0,NaN,1,FALSE,0,0,0,1,0,0,0,0,1
"275",252276,0.0418496741445557,1,1,1,0,NaN,1,FALSE,0,0,0,1,0,0,0,1,2
"276",54353,0.0418496741445557,1,1,1,0,NaN,1,FALSE,0,0,0,1,0,0,0,2,3
"277",4923966,0.0495328370733248,4,4,4,0,1,4,FALSE,0,0,0,1,0,0,0,1,2
"278",9220038,0.0456724264753226,3,3,3,0,1,3,TRUE,0,0,0,1,0,0,2,4,7
"279",1019269,0.0418496741445557,1,1,1,0,NaN,1,FALSE,0,0,0,1,0,0,1,0,2
"280",949097,0.0436775660512269,2,2,2,0,1,2,FALSE,0,0,0,1,0,0,1,0,2
"281",3356474,0.0418496741445557,1,1,1,0,NaN,1,FALSE,0,0,0,1,0,0,0,0,1
"282",775777,0.0100671452888932,1,1,1,0,NaN,1,FALSE,0,0,0,1,0,0,0,0,1
"283",5319266,0.0100671452888932,1,1,1,0,NaN,1,FALSE,0,0,0,1,0,0,1,0,2
"284",485836,0.0100671452888932,1,1,1,0,NaN,1,FALSE,0,0,0,1,0,0,0,0,1
"285",2998148,0.0418496741445557,1,1,1,0,NaN,1,FALSE,0,0,0,1,0,0,0,0,1
"286",103315,0.0418496741445557,1,1,1,0,NaN,1,FALSE,0,0,0,1,0,0,0,0,1
"287",1372322,0.0456724264753226,3,3,3,0,1,3,FALSE,0,0,0,1,0,0,1,0,2
"288",7351267,0.0418496741445557,1,1,1,0,NaN,1,FALSE,0,0,0,1,0,0,0,0,1
"289",971554,0.0418496741445557,1,1,1,0,NaN,1,FALSE,0,0,0,1,0,0,0,2,3
"290",1175041,0.0418496741445557,1,1,1,0,NaN,1,FALSE,0,0,0,1,0,0,0,0,1
"291",8586099,0.0418496741445557,1,1,1,0,NaN,1,FALSE,0,0,0,1,0,0,0,0,1
"292",11787668,0.0504580494100847,5,5,5,0.916666666666667,0.8,4,TRUE,0,0,0,2,0,0,3,0,5
"293",6455661,0.0100671452888932,1,1,1,0,NaN,1,FALSE,0,0,0,1,0,0,0,0,1
"294",4615775,0.0418496741445557,1,1,1,0,NaN,1,FALSE,0,0,0,1,0,0,0,0,1
"295",1698719,0.0418496741445557,1,1,1,0,NaN,1,FALSE,0,0,0,1,0,0,0,1,2
"296",10464727,0.0418496741445557,1,1,1,0,NaN,1,FALSE,0,0,0,1,0,0,0,0,1
"297",4533329,9.34861434287988e-18,0,0,0,0,NaN,0,FALSE,0,0,0,1,0,0,0,1,2
"298",93622,0.0456724264753226,3,3,3,0,1,3,FALSE,0,0,0,1,0,0,0,0,1
"299",891829,0.0418496741445557,1,1,1,0,NaN,1,FALSE,0,0,0,1,0,0,0,0,1
"300",947110,0.0418496741445557,1,1,1,0,NaN,1,FALSE,0,0,0,1,0,0,0,0,1
"301",775741,0.0456724264753226,3,3,3,0,1,3,FALSE,0,0,0,1,0,0,3,0,4
"302",74178,0.0418496741445557,1,1,1,0,NaN,1,FALSE,0,0,0,1,0,0,0,0,1
"303",13081122,0.0418496741445557,1,1,1,0,NaN,1,FALSE,0,0,0,1,0,0,2,0,3
"304",220239,0.0418496741445557,1,1,1,0,NaN,1,FALSE,0,0,0,1,0,0,0,0,1
"305",13539047,9.34861434287988e-18,0,0,0,0,NaN,0,FALSE,0,0,0,1,0,0,0,0,1
"306",1388,0.0418496741445557,1,1,1,0,NaN,1,FALSE,0,0,0,1,0,0,1,0,2
"307",6111424,0.0418496741445557,1,1,1,0,NaN,1,FALSE,0,0,0,1,0,0,0,0,1
"308",6171115,0.0418496741445557,1,1,1,0,NaN,1,FALSE,0,0,0,1,0,0,2,0,3
"309",3111805,0.0418496741445557,1,1,1,0,NaN,1,FALSE,0,0,0,1,0,0,0,1,2
"310",5979023,0.0418496741445557,1,1,1,0,NaN,1,FALSE,0,0,0,1,0,0,0,0,1
"311",42904,0.0418496741445557,1,1,1,0,NaN,1,FALSE,0,0,0,1,0,0,1,0,2
"312",795070,0.0436775660512269,2,2,2,0,1,2,TRUE,0,0,0,1,0,0,4,1,6
"313",991316,0.0418496741445557,1,1,1,0,NaN,1,FALSE,0,0,0,1,0,0,1,0,2
"314",13055416,0.0418496741445557,1,1,1,0,NaN,1,FALSE,0,0,0,2,0,0,0,0,2
"315",974276,9.34861434287988e-18,0,0,0,0,NaN,0,FALSE,0,0,0,1,0,0,0,1,2
"316",451903,0.0418496741445557,1,1,1,0,NaN,1,FALSE,0,0,0,2,0,0,1,0,3
"317",77226,0.0460426462030401,3,3,3,0,1,3,FALSE,0,0,0,1,0,0,3,0,4
"318",13557016,0.0418496741445557,1,1,1,0,NaN,1,FALSE,0,0,0,1,0,0,0,1,2
"319",3323691,0.0418496741445557,1,1,1,0,NaN,1,FALSE,0,0,0,1,0,0,2,0,3
"320",1800460,0.0418496741445557,1,1,1,0,NaN,1,FALSE,0,0,0,1,0,0,2,0,3
"321",122642,9.34861434287988e-18,0,0,0,0,NaN,0,TRUE,0,0,0,3,0,0,2,0,5
"322",5331717,0.00183110452094476,1,1,1,0,NaN,1,FALSE,0,0,0,1,0,0,1,0,2
"323",2565310,0.0418496741445557,1,1,1,0,NaN,1,FALSE,0,0,0,1,0,0,1,0,2
"324",981128,0.0418496741445557,1,1,1,0,NaN,1,FALSE,0,0,0,1,0,0,0,0,1
"325",13370023,0.0436807786655005,2,2,2,0,1,2,FALSE,0,0,0,1,0,0,2,0,3
"326",6097953,0.0418496741445557,1,1,1,0,NaN,1,FALSE,0,0,0,1,0,0,0,1,2
"327",15090679,0.0418496741445557,1,1,1,0,NaN,1,FALSE,0,0,0,1,0,0,0,0,1
"328",199499,0.0418496741445557,1,1,1,0,NaN,1,TRUE,0,0,0,1,0,0,4,0,5
"329",1451773,0.0436775660512269,2,2,2,0,1,2,FALSE,0,0,0,1,0,0,1,0,2
"330",11570450,0.0418496741445557,1,1,1,0,NaN,1,FALSE,0,0,0,1,0,0,3,0,4
"331",3692812,9.34861434287988e-18,0,0,0,0,NaN,0,FALSE,0,0,0,1,0,0,0,0,1
"332",6832281,9.34861434287988e-18,0,0,0,0,NaN,0,FALSE,0,0,0,1,0,0,0,0,1
"333",5538452,0.0418496741445557,1,1,1,0,NaN,1,FALSE,0,0,0,1,0,0,0,0,1
"334",972699,0.0436775660512269,2,2,2,0,1,2,FALSE,0,0,0,1,0,0,1,0,2
"335",13911280,0.0418496741445557,1,1,1,0,NaN,1,FALSE,0,0,0,1,0,0,0,0,1
"336",301259,0.0418496741445557,1,1,1,0,NaN,1,FALSE,0,0,0,1,0,0,0,0,1
"337",117856,0.0418496741445557,1,1,1,0,NaN,1,FALSE,0,0,0,1,0,0,0,0,1
"338",8403041,0.0418496741445557,1,1,1,0,NaN,1,FALSE,0,0,0,1,0,0,0,0,1
"339",16430116,0.0418496741445557,1,1,1,0,NaN,1,FALSE,0,0,0,1,0,0,0,0,1
"340",9648832,0.0436775660512269,2,2,2,0,1,2,FALSE,0,0,0,1,0,0,1,0,2
"341",249800,0.0418496741445557,1,1,1,0,NaN,1,FALSE,0,0,0,1,0,0,1,0,2
"342",7927097,0.0418496741445557,1,1,1,0,NaN,1,FALSE,0,0,0,1,0,0,0,0,1
"343",17698618,0.0418496741445557,1,1,1,0,NaN,1,FALSE,0,0,0,1,0,0,0,0,1
"344",2169351,0.0418496741445557,1,1,1,0,NaN,1,FALSE,0,0,0,1,0,0,0,0,1
"345",774797,0.0418496741445557,1,1,1,0,NaN,1,FALSE,0,0,0,1,0,0,0,0,1
"346",23859,0.0436775660512269,2,2,2,0,1,2,TRUE,0,0,0,1,0,0,3,1,5
"347",1112140,0.0418496741445557,1,1,1,0,NaN,1,FALSE,0,0,0,1,0,0,0,0,1
"348",1027886,0.0418496741445557,1,1,1,0,NaN,1,FALSE,0,0,0,1,0,0,1,0,2
"349",8709799,0.0418496741445557,1,1,1,0,NaN,1,FALSE,0,0,0,1,0,0,0,0,1
"350",1319941,0.0418496741445557,1,1,1,0,NaN,1,FALSE,0,0,0,1,0,0,1,0,2
"351",13060349,0.0436775660512269,2,2,2,0,1,2,FALSE,0,0,0,1,0,0,0,2,3
"352",18673838,0.0418496741445557,1,1,1,0,NaN,1,FALSE,0,0,0,1,0,0,0,0,1
"353",8196122,0.0418496741445557,1,1,1,0,NaN,1,FALSE,0,0,0,1,0,0,0,0,1
"354",1130575,9.34861434287988e-18,0,0,0,0,NaN,0,FALSE,0,0,0,1,0,0,0,0,1
"355",9432912,9.34861434287988e-18,0,0,0,0,NaN,0,FALSE,0,0,0,1,0,0,0,0,1
"356",9793132,9.34861434287988e-18,0,0,0,0,NaN,0,FALSE,0,0,0,1,0,0,0,0,1
"357",68416,0.066327286691787,9,9,9,557.833333333333,0.472222222222222,6,FALSE,0,0,0,4,0,0,5,4,13
"358",5152392,0.0446254494794995,2,2,2,0,1,2,FALSE,0,0,0,1,0,0,2,0,3
"359",1281191,0.0418496741445557,1,1,1,0,NaN,1,FALSE,0,0,0,1,0,0,0,1,2
"360",12651509,9.34861434287988e-18,0,0,0,0,NaN,0,FALSE,0,0,0,1,0,0,1,0,2
"361",6709955,9.34861434287988e-18,0,0,0,0,NaN,0,FALSE,0,0,0,1,0,0,0,1,2
"362",1366709,0.0418496741445557,1,1,1,0,NaN,1,FALSE,0,0,0,1,0,0,0,1,2
"363",20611735,0.0418496741445557,1,1,1,0,NaN,1,FALSE,0,0,0,1,0,0,0,1,2
"364",723962,0.0418496741445557,1,1,1,0,NaN,1,FALSE,0,0,0,1,0,0,0,1,2
"365",86096,0.0418496741445557,1,1,1,0,NaN,1,FALSE,0,0,0,1,0,0,0,1,2
"366",5505099,9.34861434287988e-18,0,0,0,0,NaN,0,FALSE,0,0,0,1,0,0,0,0,1
"367",85523,9.34861434287988e-18,0,0,0,0,NaN,0,FALSE,0,0,0,1,0,0,0,0,1
"368",590045,9.34861434287988e-18,0,0,0,0,NaN,0,FALSE,0,0,0,1,0,0,0,1,2
"369",14925164,0.0418496741445557,1,1,1,0,NaN,1,FALSE,0,0,0,2,0,0,0,0,2
"370",8747900,0.0418496741445557,1,1,1,0,NaN,1,FALSE,0,0,0,1,0,0,1,0,2
"371",969743,0.0418496741445557,1,1,1,0,NaN,1,FALSE,0,0,0,1,0,0,1,2,4
"372",23535023,9.34861434287988e-18,0,0,0,0,NaN,0,FALSE,0,0,0,1,0,0,0,0,1
"373",12724311,9.34861434287988e-18,0,0,0,0,NaN,0,FALSE,0,0,0,1,0,0,0,1,2
"374",24393293,9.34861434287988e-18,0,0,0,0,NaN,0,FALSE,0,0,0,1,0,0,0,0,1
"375",1189149,9.34861434287988e-18,0,0,0,0,NaN,0,FALSE,0,0,0,1,0,0,0,0,1
"376",7784529,9.34861434287988e-18,0,0,0,0,NaN,0,FALSE,0,0,0,1,0,0,0,0,1
"377",19952914,9.34861434287988e-18,0,0,0,0,NaN,0,FALSE,0,0,0,1,0,0,0,0,1
"378",1219831,9.34861434287988e-18,0,0,0,0,NaN,0,FALSE,0,0,0,1,0,0,0,1,2
"379",2119400,0.0418496741445557,1,1,1,0,NaN,1,FALSE,0,0,0,1,0,0,0,1,2
"380",25499223,0.0436775660512269,2,2,2,0,1,2,FALSE,0,0,0,1,0,0,0,0,1
"381",2320194,0.0418496741445557,1,1,1,0,NaN,1,FALSE,0,0,0,1,0,0,1,1,3
"382",16695705,9.34861434287988e-18,0,0,0,0,NaN,0,FALSE,0,0,0,1,0,0,0,0,1
"383",8510184,9.34861434287988e-18,0,0,0,0,NaN,0,FALSE,0,0,0,1,0,0,0,0,1
"384",28634907,9.34861434287988e-18,0,0,0,0,NaN,0,FALSE,0,0,0,1,0,0,0,0,1
"385",13793527,9.34861434287988e-18,0,0,0,0,NaN,0,FALSE,0,0,0,1,0,0,0,0,1
"386",7221205,0.00277577533494382,1,1,1,0,NaN,1,FALSE,0,0,0,1,0,0,0,3,4
"387",30305375,9.34861434287988e-18,0,0,0,0,NaN,0,FALSE,0,0,0,1,0,0,0,0,1
"388",31525995,9.34861434287988e-18,0,0,0,0,NaN,0,FALSE,0,0,0,1,0,0,0,0,1
"389",29483135,9.34861434287988e-18,0,0,0,0,NaN,0,FALSE,0,0,0,1,0,0,0,0,1
"390",32399639,9.34861434287988e-18,0,0,0,0,NaN,0,FALSE,0,0,0,1,0,0,0,0,1
"391",6402081,9.34861434287988e-18,0,0,0,0,NaN,0,FALSE,0,0,0,1,0,0,0,0,1
"392",34342895,9.34861434287988e-18,0,0,0,0,NaN,0,FALSE,0,0,0,1,0,0,0,0,1
"393",23558090,0.0418496741445557,1,1,1,0,NaN,1,FALSE,0,0,0,1,0,0,0,0,1
"394",21347264,9.54401854597778e-18,1,1,1,0,NaN,1,FALSE,0,0,0,1,0,0,0,0,1
"395",7397271,0.0418496741445557,1,1,1,0,NaN,1,FALSE,0,0,0,1,0,0,0,1,2
"396",9668104,1.01349754028376e-17,1,1,1,0,NaN,1,FALSE,0,0,0,2,0,0,0,0,2
"397",35302948,9.34861434287988e-18,0,0,0,0,NaN,0,FALSE,0,0,0,1,0,0,0,0,1
"398",1651212,0.0418496741445557,1,1,1,0,NaN,1,FALSE,0,0,0,1,0,0,1,0,2
"399",10662524,9.34861434287988e-18,0,0,0,0,NaN,0,FALSE,0,0,0,1,0,0,0,0,1
"400",20338036,9.34861434287988e-18,0,0,0,0,NaN,0,FALSE,0,0,0,2,0,0,0,1,3
"401",25839020,2.15749070113131e-17,2,2,2,0,1,2,FALSE,0,0,0,1,0,0,0,0,1
"402",71852,0.0436775660512269,2,2,2,0,1,2,FALSE,0,0,0,0,0,0,1,0,1
"403",701479,0.0100671452888932,1,1,1,0,NaN,1,FALSE,0,0,0,0,0,0,1,0,1
"404",1639,0.0519168194334489,2,2,2,0,1,2,FALSE,0,0,0,0,0,0,1,0,1
"405",75195,0.054184419743423,3,3,3,0,1,3,FALSE,0,0,0,0,0,0,2,0,2
"406",5081799,0.054184419743423,3,3,3,0,1,3,FALSE,0,0,0,0,0,0,1,0,1
"407",83411,0.0586314578365175,5,5,5,25.8333333333333,0.5,3,TRUE,0,0,0,0,0,0,9,0,9
"408",931368,0.0624448812362184,6,6,6,0,1,6,FALSE,0,0,0,0,0,0,2,0,2
"409",474107,0.0623549581535415,6,6,6,0,1,6,FALSE,0,0,0,0,0,0,1,0,1
"410",265817,0.0623549581535415,6,6,6,0,1,6,FALSE,0,0,0,0,0,0,3,0,3
"411",2006210,0.0623549581535415,6,6,6,0,1,6,FALSE,0,0,0,0,0,0,2,0,2
"412",852593,0.0623549581535415,6,6,6,0,1,6,FALSE,0,0,0,0,0,0,1,0,1
"413",649467,0.0694847029219944,8,8,8,0,1,8,FALSE,0,0,0,0,0,0,1,0,1
"414",18332,0.0694847029219944,8,8,8,0,1,8,FALSE,0,0,0,0,0,0,2,0,2
"415",194567,0.0694847029219944,8,8,8,0,1,8,FALSE,0,0,0,0,0,0,1,0,1
"416",1288823,0.0694847029219944,8,8,8,0,1,8,FALSE,0,0,0,0,0,0,3,0,3
"417",486104,0.0694847029219944,8,8,8,0,1,8,FALSE,0,0,0,0,0,0,2,0,2
"418",523294,0.054184419743423,3,3,3,0,1,3,FALSE,0,0,0,0,0,0,1,0,1
"419",135013,0.0443857280109899,2,2,2,0,1,2,FALSE,0,0,0,0,0,0,1,0,1
"420",2080084,0.0605991305374145,8,8,8,3,0.785714285714286,7,FALSE,0,0,0,0,0,0,4,0,4
"421",1808031,0.0456724264753226,3,3,3,0,1,3,FALSE,0,0,0,0,0,0,1,0,1
"422",69734,0.00226479381721429,1,1,1,0,NaN,1,FALSE,0,0,0,0,0,0,1,0,1
"423",609279,0.00419499287790109,2,2,2,0,1,2,FALSE,0,0,0,0,0,0,1,0,1
"424",364725,0.0544537989392452,6,6,6,0,1,6,FALSE,0,0,0,0,0,0,2,0,2
"425",441982,0.0833609795019414,25,25,25,2381.5,0.476666666666667,16,TRUE,0,0,0,0,0,0,5,0,5
"426",270854,0.0544537989392452,6,6,6,0,1,6,FALSE,0,0,0,0,0,0,1,0,1
"427",45380,0.0544537989392452,6,6,6,0,1,6,FALSE,0,0,0,0,0,0,1,0,1
"428",626834,0.0502637624665784,5,5,5,0,1,5,FALSE,0,0,0,0,0,0,2,0,2
"429",172952,0.0502637624665784,5,5,5,0,1,5,FALSE,0,0,0,0,0,0,1,0,1
"430",204693,0.0502637624665783,5,5,5,0,1,5,FALSE,0,0,0,0,0,0,2,0,2
"431",158169,0.0502637624665784,5,5,5,0,1,5,FALSE,0,0,0,0,0,0,1,0,1
"432",105168,0.0570017759346133,4,4,4,0,1,4,FALSE,0,0,0,0,0,0,1,0,1
"433",813492,0.046329833303942,3,3,3,0,1,3,FALSE,0,0,0,0,0,0,1,0,1
"434",368226,0.046329833303942,3,3,3,0,1,3,FALSE,0,0,0,0,0,0,1,0,1
"435",1587505,0.062630701255917,6,6,6,0,1,6,FALSE,0,0,0,0,0,0,1,0,1
"436",1907091,0.062630701255917,6,6,6,0,1,6,FALSE,0,0,0,0,0,0,1,0,1
"437",5034215,0.062630701255917,6,6,6,0,1,6,FALSE,0,0,0,0,0,0,1,0,1
"438",1095048,0.0483206705275545,4,4,4,0,1,4,FALSE,0,0,0,0,0,0,1,0,1
"439",381542,0.0483206705275545,4,4,4,0,1,4,FALSE,0,0,0,0,0,0,1,0,1
"440",475916,0.0483206705275545,4,4,4,0,1,4,FALSE,0,0,0,0,0,0,1,0,1
"441",5214594,0.0436775660512269,2,2,2,0,1,2,FALSE,0,0,0,0,0,0,1,0,1
"442",704877,0.0519168194334489,2,2,2,0,1,2,FALSE,0,0,0,0,0,0,1,0,1
"443",132747,0.00265478777189646,2,2,2,0,1,2,FALSE,0,0,0,0,0,0,1,0,1
"444",585534,0.0462356213465956,3,3,3,0,1,3,FALSE,0,0,0,0,0,0,3,0,3
"445",3084806,0.0480485690335607,4,4,4,0,1,4,FALSE,0,0,0,0,0,0,1,0,1
"446",1375586,0.0480485690335607,4,4,4,0,1,4,FALSE,0,0,0,0,0,0,1,0,1
"447",4009570,0.0480485690335607,4,4,4,0,1,4,FALSE,0,0,0,0,0,0,1,0,1
"448",489681,0.0533410963180968,6,6,6,0,1,6,FALSE,0,0,0,0,0,0,1,0,1
"449",108414,0.0533410963180968,6,6,6,0,1,6,FALSE,0,0,0,0,0,0,1,0,1
"450",618161,0.0533410963180968,6,6,6,0,1,6,FALSE,0,0,0,0,0,0,1,0,1
"451",1863675,0.0612237067124578,10,10,10,12.5,0.444444444444444,6,TRUE,0,0,0,0,0,0,11,0,11
"452",134164,0.0533410963180968,6,6,6,0,1,6,FALSE,0,0,0,0,0,0,2,0,2
"453",2098022,0.0418496741445557,1,1,1,0,NaN,1,FALSE,0,0,0,0,0,0,2,0,2
"454",52660,0.0436775660512269,2,2,2,0,1,2,FALSE,0,0,0,0,0,0,1,0,1
"455",25203,0.0436775660512269,2,2,2,0,1,2,FALSE,0,0,0,0,0,0,1,0,1
"456",273313,0.0566591536702625,4,4,4,0,1,4,TRUE,0,0,0,0,0,0,7,0,7
"457",975790,0.0566591536702626,4,4,4,0,1,4,FALSE,0,0,0,0,0,0,1,0,1
"458",2602096,0.051916819433449,2,2,2,0,1,2,FALSE,0,0,0,0,0,0,1,0,1
"459",1174647,0.0436775660512269,2,2,2,0,1,2,FALSE,0,0,0,0,0,0,1,0,1
"460",5274,0.0438664386317637,2,2,2,0,1,2,FALSE,0,0,0,0,0,0,1,0,1
"461",118963,0.0418496741445557,1,1,1,0,NaN,1,FALSE,0,0,0,0,0,0,1,0,1
"462",39635,0.0100671452888932,1,1,1,0,NaN,1,FALSE,0,0,0,0,0,0,2,0,2
"463",297789,0.0478582278689044,4,4,4,0,1,4,FALSE,0,0,0,0,0,0,2,0,2
"464",4067640,0.0478582278689043,4,4,4,0,1,4,FALSE,0,0,0,0,0,0,1,0,1
"465",1782471,0.0478582278689043,4,4,4,0,1,4,FALSE,0,0,0,0,0,0,1,0,1
"466",44112,0.0115125324885689,4,4,4,0,1,4,FALSE,0,0,0,0,0,0,2,0,2
"467",1178348,0.0436775660512269,2,2,2,0,1,2,FALSE,0,0,0,0,0,0,1,0,1
"468",77754,0.054184419743423,3,3,3,0,1,3,FALSE,0,0,0,0,0,0,1,0,1
"469",2032329,0.0460075307158312,3,3,3,0,1,3,FALSE,0,0,0,0,0,0,1,0,1
"470",1520758,0.0456724264753226,3,3,3,0,1,3,FALSE,0,0,0,0,0,0,1,0,1
"471",3739806,0.0456724264753226,3,3,3,0,1,3,FALSE,0,0,0,0,0,0,1,0,1
"472",294597,0.051916819433449,2,2,2,0,1,2,FALSE,0,0,0,0,0,0,1,0,1
"473",237985,0.071968081913401,11,11,11,0,1,11,FALSE,0,0,0,0,0,0,1,0,1
"474",4664956,0.0719680819134011,11,11,11,0,1,11,FALSE,0,0,0,0,0,0,1,0,1
"475",4550944,0.0719680819134011,11,11,11,0,1,11,FALSE,0,0,0,0,0,0,1,0,1
"476",477426,0.0719680819134011,11,11,11,0,1,11,FALSE,0,0,0,0,0,0,1,0,1
"477",7129,0.0719680819134011,11,11,11,0,1,11,FALSE,0,0,0,0,0,0,1,0,1
"478",865389,0.0719680819134011,11,11,11,0,1,11,FALSE,0,0,0,0,0,0,1,0,1
"479",8170825,0.0719680819134011,11,11,11,0,1,11,FALSE,0,0,0,0,0,0,1,0,1
"480",6129162,0.0719680819134011,11,11,11,0,1,11,FALSE,0,0,0,0,0,0,1,0,1
"481",43869,0.0719680819134011,11,11,11,0,1,11,FALSE,0,0,0,0,0,0,1,0,1
"482",4451499,0.0504496851103849,5,5,5,0,1,5,FALSE,0,0,0,0,0,0,2,0,2
"483",66762,0.0504496851103849,5,5,5,0,1,5,FALSE,0,0,0,0,0,0,1,0,1
"484",2327556,0.0541486251555165,7,7,7,4,0.619047619047619,5,FALSE,0,0,0,0,0,0,3,0,3
"485",44259,0.0504496851103849,5,5,5,0,1,5,FALSE,0,0,0,0,0,0,1,0,1
"486",583385,0.0445456317540696,2,2,2,0,1,2,FALSE,0,0,0,0,0,0,1,0,1
"487",193049,0.054644594461493,3,3,3,0,1,3,FALSE,0,0,0,0,0,0,2,0,2
"488",1061095,0.0115125324885689,4,4,4,0,1,4,FALSE,0,0,0,0,0,0,2,0,2
"489",923307,0.0519168194334489,2,2,2,0,1,2,TRUE,0,0,0,0,0,0,5,0,5
"490",236921,0.0488296399191818,4,4,4,0,1,4,FALSE,0,0,0,0,0,0,1,0,1
"491",866300,0.0456724264753226,3,3,3,0,1,3,FALSE,0,0,0,0,0,0,1,0,1
"492",239676,0.0456724264753226,3,3,3,0,1,3,FALSE,0,0,0,0,0,0,1,0,1
"493",4460050,0.054184419743423,3,3,3,0,1,3,FALSE,0,0,0,0,0,0,1,0,1
"494",4927165,0.0541844197434231,3,3,3,0,1,3,FALSE,0,0,0,0,0,0,2,0,2
"495",43428,0.0544630092279512,6,6,6,5.5,0.733333333333333,5,FALSE,0,0,0,0,0,0,2,0,2
"496",2922250,0.0520202948579133,5,5,5,0,1,5,FALSE,0,0,0,0,0,0,1,0,1
"497",483231,0.0520202948579133,5,5,5,0,1,5,FALSE,0,0,0,0,0,0,1,0,1
"498",2681407,0.0126015262133798,2,2,2,0,1,2,FALSE,0,0,0,0,0,0,1,0,1
"499",187022,0.095305343262217,14,14,14,0,1,14,FALSE,0,0,0,0,0,0,1,0,1
"500",120626,0.095305343262217,14,14,14,0,1,14,FALSE,0,0,0,0,0,0,1,0,1
"501",28356,0.095305343262217,14,14,14,0,1,14,FALSE,0,0,0,0,0,0,1,0,1
"502",473962,0.095305343262217,14,14,14,0,1,14,FALSE,0,0,0,0,0,0,3,0,3
"503",382668,0.095305343262217,14,14,14,0,1,14,FALSE,0,0,0,0,0,0,1,0,1
"504",493080,0.095305343262217,14,14,14,0,1,14,FALSE,0,0,0,0,0,0,1,0,1
"505",3073882,0.095305343262217,14,14,14,0,1,14,FALSE,0,0,0,0,0,0,2,0,2
"506",140237,0.0953053432622171,14,14,14,0,1,14,FALSE,0,0,0,0,0,0,1,0,1
"507",130920,0.095305343262217,14,14,14,0,1,14,FALSE,0,0,0,0,0,0,1,0,1
"508",5795139,0.10955236156114,20,20,20,60,0.589473684210526,14,FALSE,0,0,0,0,0,0,2,0,2
"509",4907920,0.116740312744913,30,30,30,2466.50000000001,0.489655172413793,16,TRUE,0,0,0,0,0,0,5,0,5
"510",1595733,0.095305343262217,14,14,14,0,1,14,FALSE,0,0,0,0,0,0,1,0,1
"511",440874,0.0496485354041221,4,4,4,0,1,4,FALSE,0,0,0,0,0,0,1,0,1
"512",7125810,0.0496485354041221,4,4,4,0,1,4,FALSE,0,0,0,0,0,0,1,0,1
"513",963023,0.0418496741445557,1,1,1,0,NaN,1,FALSE,0,0,0,0,0,0,2,0,2
"514",1046501,0.0446254494794995,2,2,2,0,1,2,FALSE,0,0,0,0,0,0,1,0,1
"515",984276,0.0418496741445557,1,1,1,0,NaN,1,FALSE,0,0,0,0,0,0,1,0,1
"516",4449821,0.0626427216053321,6,6,6,0,1,6,FALSE,0,0,0,0,0,0,3,0,3
"517",2162441,0.0591889387388307,8,8,8,0,1,8,FALSE,0,0,0,0,0,0,1,0,1
"518",231157,0.0591889387388307,8,8,8,0,1,8,FALSE,0,0,0,0,0,0,1,0,1
"519",204050,0.0591889387388307,8,8,8,0,1,8,FALSE,0,0,0,0,0,0,1,0,1
"520",1904129,0.0591889387388307,8,8,8,0,1,8,FALSE,0,0,0,0,0,0,2,0,2
"521",1850998,0.0591889387388307,8,8,8,0,1,8,FALSE,0,0,0,0,0,0,1,0,1
"522",5545474,0.0591889387388307,8,8,8,0,1,8,FALSE,0,0,0,0,0,0,2,0,2
"523",1741838,0.0591889387388307,8,8,8,0,1,8,FALSE,0,0,0,0,0,0,2,0,2
"524",418319,0.0418496741445557,1,1,1,0,NaN,1,FALSE,0,0,0,0,0,0,1,0,1
"525",9835,0.0418496741445557,1,1,1,0,NaN,1,FALSE,0,0,0,0,0,0,1,0,1
"526",250426,0.0436775660512269,2,2,2,0,1,2,FALSE,0,0,0,0,0,0,1,0,1
"527",9070188,0.0443933599132753,2,2,2,0,1,2,FALSE,0,0,0,0,0,0,1,0,1
"528",2097487,0.0626427216053321,6,6,6,0,1,6,FALSE,0,0,0,0,0,0,1,0,1
"529",8759714,0.0626427216053321,6,6,6,0,1,6,FALSE,0,0,0,0,0,0,2,0,2
"530",1506905,1.01570955068627e-17,1,1,1,0,NaN,1,FALSE,0,0,0,0,0,0,1,0,1
"531",153132,0.0436775660512269,2,2,2,0,1,2,FALSE,0,0,0,0,0,0,1,0,1
"532",498712,0.0418496741445557,1,1,1,0,NaN,1,FALSE,0,0,0,0,0,0,1,0,1
"533",6372730,0.0566591536702626,4,4,4,0,1,4,FALSE,0,0,0,0,0,0,1,0,1
"534",3409729,0.0566591536702626,4,4,4,0,1,4,FALSE,0,0,0,0,0,0,1,0,1
"535",7607021,0.0566591536702625,4,4,4,0,1,4,FALSE,0,0,0,0,0,0,1,0,1
"536",1042192,0.054184419743423,3,3,3,0,1,3,FALSE,0,0,0,0,0,0,1,0,1
"537",14252277,0.054184419743423,3,3,3,0,1,3,FALSE,0,0,0,0,0,0,2,0,2
"538",7606981,0.0437543316256135,2,2,2,0,1,2,FALSE,0,0,0,0,0,0,1,0,1
"539",361985,0.0464286308076019,3,3,3,0,1,3,FALSE,0,0,0,0,0,0,1,0,1
"540",6556190,0.0568405177499442,4,4,4,0,1,4,FALSE,0,0,0,0,0,0,1,0,1
"541",7864650,0.0568405177499442,4,4,4,0,1,4,FALSE,0,0,0,0,0,0,1,0,1
"542",946732,0.0624448812362184,6,6,6,0,1,6,FALSE,0,0,0,0,0,0,2,0,2
"543",10811,0.0624448812362184,6,6,6,0,1,6,FALSE,0,0,0,0,0,0,2,0,2
"544",5195533,0.0624448812362184,6,6,6,0,1,6,FALSE,0,0,0,0,0,0,1,0,1
"545",780408,0.0261242679190756,16,16,16,0,1,16,FALSE,0,0,0,0,0,0,1,0,1
"546",14740,0.0261242679190756,16,16,16,0,1,16,FALSE,0,0,0,0,0,0,1,0,1
"547",4974609,0.0261242679190756,16,16,16,0,1,16,FALSE,0,0,0,0,0,0,1,0,1
"548",1774099,0.0261242679190755,16,16,16,0,1,16,FALSE,0,0,0,0,0,0,1,0,1
"549",265378,0.0261242679190755,16,16,16,0,1,16,FALSE,0,0,0,0,0,0,1,0,1
"550",696886,0.0261242679190755,16,16,16,0,1,16,FALSE,0,0,0,0,0,0,1,0,1
"551",8708674,0.0261242679190756,16,16,16,0,1,16,FALSE,0,0,0,0,0,0,1,0,1
"552",9955000,0.0261242679190755,16,16,16,0,1,16,FALSE,0,0,0,0,0,0,1,0,1
"553",3855704,0.0261242679190755,16,16,16,0,1,16,FALSE,0,0,0,0,0,0,1,0,1
"554",753529,0.0261242679190756,16,16,16,0,1,16,FALSE,0,0,0,0,0,0,1,0,1
"555",12591197,0.0261242679190756,16,16,16,0,1,16,FALSE,0,0,0,0,0,0,1,0,1
"556",15018458,0.0261242679190756,16,16,16,0,1,16,FALSE,0,0,0,0,0,0,1,0,1
"557",53387,0.0261242679190756,16,16,16,0,1,16,FALSE,0,0,0,0,0,0,1,0,1
"558",3802763,0.0129969058358115,2,2,2,0,1,2,FALSE,0,0,0,0,0,0,1,0,1
"559",2483420,0.044394615315008,2,2,2,0,1,2,FALSE,0,0,0,0,0,0,1,0,1
"560",102273,0.0456724264753226,3,3,3,0,1,3,FALSE,0,0,0,0,0,0,1,0,1
"561",534887,0.058816216648754,7,7,7,0,1,7,TRUE,0,0,0,0,0,0,6,0,6
"562",2140890,0.058816216648754,7,7,7,0,1,7,FALSE,0,0,0,0,0,0,2,0,2
"563",6148980,0.058816216648754,7,7,7,0,1,7,TRUE,0,0,0,0,0,0,16,4,20
"564",17469196,0.058816216648754,7,7,7,0,1,7,FALSE,0,0,0,0,0,0,2,0,2
"565",648739,0.045675939258594,3,3,3,0,1,3,FALSE,0,0,0,0,0,0,1,0,1
"566",11613598,0.045675939258594,3,3,3,0,1,3,FALSE,0,0,0,0,0,0,1,0,1
"567",4254854,0.0436775660512269,2,2,2,0,1,2,FALSE,0,0,0,0,0,0,2,0,2
"568",1119029,0.04736936331035,3,3,3,0,1,3,FALSE,0,0,0,0,0,0,1,0,1
"569",410452,0.0443933599132753,2,2,2,0,1,2,FALSE,0,0,0,0,0,0,1,0,1
"570",3037761,0.0456724264753226,3,3,3,0,1,3,FALSE,0,0,0,0,0,0,1,0,1
"571",124250,0.0456724264753226,3,3,3,0,1,3,FALSE,0,0,0,0,0,0,1,0,1
"572",49499,0.0519168194334489,2,2,2,0,1,2,FALSE,0,0,0,0,0,0,1,0,1
"573",973082,0.054184419743423,3,3,3,0,1,3,FALSE,0,0,0,0,0,0,2,0,2
"574",124687,0.054184419743423,3,3,3,0,1,3,FALSE,0,0,0,0,0,0,1,0,1
"575",4524175,0.0495328370733248,4,4,4,0,1,4,FALSE,0,0,0,0,0,0,1,0,1
"576",10424723,0.0495328370733248,4,4,4,0,1,4,FALSE,0,0,0,0,0,0,1,0,1
"577",1326365,0.0456724264753226,3,3,3,0,1,3,FALSE,0,0,0,0,0,0,1,0,1
"578",5640348,0.0456724264753226,3,3,3,0,1,3,FALSE,0,0,0,0,0,0,1,0,1
"579",8487673,0.0436775660512269,2,2,2,0,1,2,FALSE,0,0,0,0,0,0,1,0,1
"580",1710,0.0100671452888932,1,1,1,0,NaN,1,FALSE,0,0,0,0,0,0,2,0,2
"581",811702,0.0456724264753226,3,3,3,0,1,3,FALSE,0,0,0,0,0,0,1,0,1
"582",18277386,0.0504580494100846,5,5,5,0.916666666666667,0.8,4,FALSE,0,0,0,0,0,0,3,0,3
"583",1042176,0.0486073609206062,4,4,4,0,1,4,FALSE,0,0,0,0,0,0,1,0,1
"584",227909,0.0456724264753226,3,3,3,0,1,3,FALSE,0,0,0,0,0,0,1,0,1
"585",297678,0.0456724264753226,3,3,3,0,1,3,FALSE,0,0,0,0,0,0,2,0,2
"586",3416987,0.0460729799961196,3,3,3,0,1,3,FALSE,0,0,0,0,0,0,1,0,1
"587",1467629,0.0436775660512269,2,2,2,0,1,2,FALSE,0,0,0,0,0,0,4,0,4
"588",1377898,0.0460426462030401,3,3,3,0,1,3,FALSE,0,0,0,0,0,0,1,0,1
"589",1643015,0.0437543316256135,2,2,2,0,1,2,FALSE,0,0,0,0,0,0,3,0,3
"590",8390531,0.0437543316256135,3,3,3,529,0.333333333333333,2,FALSE,0,0,0,0,0,0,2,0,2
"591",3090883,0.0436775660512269,2,2,2,0,1,2,FALSE,0,0,0,0,0,0,2,0,2
"592",645764,0.0436775660512269,2,2,2,0,1,2,FALSE,0,0,0,0,0,0,3,0,3
"593",405537,0.0436775660512269,2,2,2,0,1,2,FALSE,0,0,0,0,0,0,1,0,1
"594",1236790,0.0436775660512269,2,2,2,0,1,2,FALSE,0,0,0,0,0,0,2,0,2
"595",4149550,0.0436775660512269,2,2,2,0,1,2,FALSE,0,0,0,0,0,0,1,0,1
"596",24796270,0.0436775660512269,2,2,2,0,1,2,FALSE,0,0,0,0,0,0,1,0,1
"597",1235649,1.92395054691437e-17,2,2,2,1,0,1,FALSE,0,0,0,0,0,0,2,0,2
"598",12739380,2.09542414817212e-17,2,2,2,0,1,2,FALSE,0,0,0,0,0,0,1,0,1
"599",38170355,2.06217069680573e-17,2,2,2,0,1,2,FALSE,0,0,0,0,0,0,1,0,1
